storeNo,seller_userName,password
1,12668351,383642
2,64188238,996804
3,34224389,518393
4,27096594,493057
5,63990456,806550
6,46080508,634901
7,12383036,956954
8,48196476,197953
9,82915881,652295
10,25052261,261339
11,41688128,963128
12,61152819,710390
13,39927095,136558
14,21851122,240143
15,15969115,981241
16,29571678,908589
17,49250243,429119
18,10905345,600682
19,99475874,271553
20,41955865,656447
21,50236810,391159
22,14443677,530938
23,38150395,276836
24,99983800,704557
25,62140803,128610
26,78331411,698671
27,80234064,631760
28,58729439,499684
29,39862930,119716
30,25072545,326878
31,74922747,656700
32,41514230,232967
33,44871080,397175
34,62642694,440714
35,22105351,708090
36,22145403,381293
37,37879940,421487
38,61282375,730611
39,55406350,332002
40,79978832,102718
41,71202400,475675
42,53932550,773482
43,25673859,683978
44,29559766,204317
45,50322793,436780
46,23393732,831203
47,70000763,318537
48,71072121,349566
49,34102536,785910
50,61032772,320176
51,38813979,485242
52,43699689,391977
53,51739473,345160
54,55328826,232963
55,32278824,193146
56,37626555,461211
57,92531589,838472
58,60746611,816165
59,30655946,120691
60,52220821,794812
61,89726380,838227
62,76219630,744593
63,75806053,702284
64,20737903,301227
65,50796067,394731
66,77725348,172411
67,63477966,795142
68,47118785,698957
69,92312565,347611
70,64283835,326011
71,20935391,245905
72,61395104,432024
73,83103694,170508
74,32787411,313507
75,60961876,714227
76,31334164,298359
77,87658234,285936
78,36619230,438652
79,59860942,839117
80,52381764,884939
81,79001567,662192
82,27316715,401165
83,24965839,249885
84,75676724,911061
85,19458612,532706
86,81514380,524504
87,13616325,284967
88,55988488,904214
89,38122042,704899
90,93764656,626176
91,75778262,985899
92,47234706,989535
93,75691110,712415
94,32394245,938137
95,30436497,313168
96,71120160,467137
97,69285508,718225
98,11127582,707480
99,41596150,242312
100,18497026,133959
101,94579693,661391
102,40596392,232525
103,64435565,768631
104,53901669,757727
105,16805476,228793
106,89424427,156780
107,69064922,889484
108,67135350,542084
109,81946392,546353
110,24129797,922635
111,78499457,303997
112,97871023,478816
113,22024930,115264
114,15846720,518173
115,26387630,249319
116,82994973,887730
117,55418532,140910
118,50207815,298206
119,87442890,704222
120,72320051,122969
121,49277700,957547
122,26116719,913242
123,15316473,560114
124,61672585,509696
125,13986544,813419
126,12122649,920912
127,72565350,999373
128,99024546,224242
129,39137686,473798
130,67309207,501040
131,30998580,598615
132,27875049,725609
133,20696930,706475
134,84606209,653339
135,20783754,445742
136,76761231,277660
137,85970454,464704
138,83873916,873339
139,27560767,359861
140,50404852,444596
141,38749913,514573
142,60829003,200021
143,50577399,909235
144,81603030,271158
145,74993607,784931
146,43526551,701267
147,18278373,166425
148,31952898,425595
149,92713676,553038
150,57338794,215041
151,20585131,315221
152,74055483,594575
153,76914754,404064
154,11493746,207096
155,87305540,851455
156,22844843,565100
157,69896069,186269
158,92138956,453862
159,28361602,379136
160,94930281,614664
161,76336828,774810
162,93203892,111641
163,91521302,521456
164,81587274,143612
165,51233433,461117
166,85930758,431996
167,85414999,276285
168,83060089,614247
169,66856653,135639
170,87604866,425484
171,54511835,284090
172,87940158,529024
173,88283821,191910
174,54083517,135440
175,48636298,746587
176,92330462,694003
177,24973961,364321
178,33380615,213392
179,36483275,262074
180,96379433,144960
181,60015834,948503
182,78537282,981203
183,57580359,772517
184,42388859,893283
185,28614184,143514
186,62848102,708171
187,47545827,944350
188,10047141,215888
189,78639103,339908
190,28500406,208704
191,56015247,496054
192,45859875,986440
193,39576378,804000
194,38372232,963012
195,45583829,856366
196,62883771,782748
197,57062620,787572
198,87676777,593549
199,46117606,445293
200,43595298,669518
201,26856506,673018
202,78992725,398076
203,34688605,793990
204,83759747,218064
205,61263282,736045
206,49800296,200923
207,40545282,206930
208,67664973,298031
209,10939047,533195
210,18948427,596953
211,95934130,184036
212,70823429,443993
213,13763549,310755
214,55213581,846018
215,67833228,711652
216,40553984,446733
217,69888111,731217
218,68059209,362302
219,93150185,106739
220,56555095,796494
221,20126958,599525
222,99568137,358262
223,78798792,599462
224,40719089,592023
225,60264342,546079
226,20134400,658375
227,86280485,272203
228,89699966,891836
229,64300991,705352
230,70502851,756008
231,12509597,118501
232,93473986,324840
233,58156144,983147
234,27336623,220581
235,81959484,603467
236,41511526,532923
237,54366393,647941
238,66317846,435284
239,66327604,144901
240,14206420,179355
241,60535128,122381
242,95280431,849805
243,47339581,173101
244,51060403,648493
245,12126143,561912
246,66406353,522102
247,92806340,239617
248,19040791,669004
249,27281731,119009
250,18245310,501594
251,90844622,161824
252,13945469,855986
253,82479929,281983
254,92428950,612527
255,96070368,256844
256,97351818,883134
257,61098186,788783
258,51299970,314255
259,18061325,129723
260,83841720,751089
261,80932063,892006
262,17781328,297625
263,31135375,956037
264,43729650,171429
265,45974655,816995
266,72792348,135512
267,44199218,907823
268,74452364,201362
269,97069642,390607
270,67685042,991182
271,90387490,961156
272,76779988,250685
273,89531190,188033
274,43898483,593198
275,51212835,349166
276,93413344,833206
277,55033973,507192
278,90096435,305973
279,73167757,924354
280,43452744,344848
281,77498005,507874
282,39806625,912189
283,62664019,921866
284,71868941,824080
285,50143306,159132
286,90348472,570455
287,79879193,529301
288,44628404,546692
289,56176879,476976
290,40579770,492196
291,66773285,155784
292,33925877,826485
293,12374585,175099
294,39676313,764826
295,66526099,698323
296,22857107,176301
297,86446992,882145
298,71778718,375249
299,83599574,361069
300,61775073,727275
301,94591496,942696
302,85393817,803515
303,63838170,838482
304,39795140,808651
305,77033028,344349
306,22832959,829160
307,13524166,205261
308,32071895,596520
309,67105809,310566
310,61624126,581815
311,63544224,239297
312,62444761,530896
313,40056877,689891
314,67952769,652291
315,18389853,174262
316,51116985,609230
317,94562320,969744
318,84650613,341635
319,24253798,817043
320,19746124,691767
321,15512844,420679
322,96495001,382931
323,70154622,440412
324,31843419,375763
325,59635556,923711
326,27669722,183814
327,98026291,907251
328,92352025,261845
329,69102582,234556
330,15333647,420462
331,45244941,244753
332,45114979,803587
333,16589150,887394
334,19574770,535850
335,40955876,574874
336,33088073,103554
337,21669499,623899
338,43994805,415285
339,35464683,126082
340,89914753,721534
341,41029507,615660
342,84621886,659020
343,31097896,737120
344,55573758,474600
345,28789142,555534
346,56368859,429310
347,25343369,933437
348,38069075,661388
349,12932153,104506
350,78095867,422241
351,33549831,213669
352,92899620,851933
353,90907364,837510
354,82055501,470384
355,23360880,286846
356,65624257,823599
357,32126527,957359
358,48272134,572078
359,93689956,721584
360,65943961,687507
361,54410965,520812
362,99633922,938029
363,21199709,177569
364,21142654,776405
365,78244043,476648
366,95626725,582056
367,77843613,554982
368,33141924,528599
369,10679331,179133
370,40466363,274543
371,53595300,779693
372,46631245,854137
373,85259258,829970
374,23524128,926550
375,59397031,828684
376,73632101,157407
377,94701595,532586
378,96896124,764932
379,59079750,156018
380,61550681,285274
381,94581167,652710
382,94625960,400106
383,36654415,787672
384,34809528,956223
385,87663061,216947
386,57639118,469787
387,33557709,824388
388,56847917,245145
389,41837181,268752
390,92923365,305469
391,78050364,359124
392,16357706,346911
393,64529873,663882
394,58999506,411466
395,54664676,215668
396,92013593,100427
397,90069586,780052
398,88689826,390530
399,94005962,388265
400,56159200,304694
401,67764503,964729
402,52253824,306642
403,91119829,321633
404,92837098,489794
405,28040959,851790
406,44906434,426408
407,26858008,476613
408,67621600,199628
409,90604443,149641
410,98154965,819173
411,10462680,937739
412,30263700,415738
413,26537360,635956
414,72183084,588179
415,23291436,938660
416,33319018,186192
417,69105116,780861
418,63314144,336647
419,83349242,856923
420,68872057,446401
421,99470439,806116
422,17222563,263994
423,76080072,599564
424,59881579,246926
425,94074679,340032
426,68552497,833808
427,89555248,999265
428,35863546,152893
429,32840999,476196
430,96311992,110597
431,38307375,741189
432,74996217,469468
433,10835913,665093
434,83777469,195361
435,98452699,797359
436,75793579,366492
437,81793826,828965
438,40162933,503788
439,72763627,266847
440,76650081,905707
441,14291199,805847
442,26392165,113445
443,83250522,541606
444,89541053,240840
445,91238755,271150
446,33428360,406760
447,80120160,637777
448,10947805,776488
449,16201779,795164
450,97769815,891672
451,92281765,458225
452,85081960,957615
453,23752578,907236
454,31928652,250908
455,26901272,506346
456,38070509,377063
457,75184936,495416
458,59637213,720551
459,77226547,385979
460,50772023,353808
461,60914112,547088
462,86854576,418963
463,87692525,521264
464,15038598,686126
465,25209011,584613
466,92494996,864246
467,44332898,981506
468,20329603,181169
469,61335712,714601
470,26054799,549976
471,12505966,555380
472,38431519,190781
473,58095402,747188
474,53255705,994878
475,42609397,571006
476,98647600,199592
477,65258990,936951
478,29428411,984564
479,98172613,443257
480,70472628,888000
481,96719711,895777
482,26370387,375937
483,30191977,512870
484,22354942,435531
485,82412074,957721
486,34361563,361163
487,89987699,754240
488,60128005,630936
489,61215038,102252
490,11835569,504623
491,42774836,350814
492,66647613,489844
493,16781696,826739
494,82515188,794072
495,62665444,965866
496,54502027,919436
497,96680307,845886
498,86279800,789369
499,96812561,840165
500,27455976,172971
501,63017671,600736
502,18106863,236482
503,58061940,405445
504,98922996,960609
505,40818897,640160
506,47690293,239488
507,23187795,847722
508,24917703,138254
509,59089765,188927
510,66594207,435378
511,69672784,552095
512,12488886,685158
513,77664222,494774
514,13799490,744594
515,30839787,990580
516,39483191,162853
517,89496711,440204
518,14725464,594479
519,77522881,249406
520,59616680,378389
521,88884411,257609
522,58507133,406835
523,95558233,183261
524,63865666,746241
525,39079857,617545
526,31261609,372275
527,34892057,612788
528,55253319,772952
529,41736258,963470
530,81945864,675077
531,67812708,161323
532,33224374,291675
533,74980853,440172
534,85583645,232203
535,33015630,525488
536,54280580,855797
537,40737095,100637
538,33137140,476718
539,37360842,687391
540,10149987,676256
541,70986276,629427
542,79578026,806241
543,37490892,647073
544,55110848,112105
545,49645304,105193
546,91080502,624292
547,59898948,102435
548,80937182,112585
549,65041009,495441
550,91489953,480033
551,58744723,816257
552,23888462,364799
553,85340398,581770
554,14625899,742556
555,49035300,166905
556,62336816,440779
557,92048673,806098
558,24184805,803298
559,46939802,176511
560,38022089,456333
561,26365457,248352
562,85263149,240109
563,61418440,904083
564,26159096,514850
565,17647674,624848
566,26873557,452648
567,11438974,125199
568,37522774,406976
569,19614164,264640
570,92078527,667869
571,63638299,761734
572,55139506,397113
573,49210496,642122
574,13549477,306202
575,75493550,526820
576,64522309,447253
577,41284314,960153
578,75085291,368741
579,13136300,469912
580,70949112,376826
581,40251774,812686
582,65443574,418777
583,25766582,577309
584,51867535,257988
585,41535985,748256
586,83727453,344705
587,38967058,675647
588,68500522,945960
589,60163927,790442
590,91298907,928129
591,85609929,862752
592,42795809,988636
593,45043993,996306
594,10454457,376249
595,20829038,487004
596,10166505,482774
597,11767904,794275
598,76744538,783221
599,49195293,822477
600,26471462,626061
601,42248456,749923
602,67452510,326795
603,48443360,738865
604,11580985,217303
605,96873359,629408
606,75502559,260730
607,33715883,829982
608,80800004,805370
609,29131983,376052
610,35301351,166065
611,76571743,909744
612,91777947,123837
613,18844601,650641
614,27176916,529507
615,50666089,917995
616,48527229,506850
617,75156385,411900
618,68517346,719968
619,48265332,839180
620,22633233,386889
621,98629697,453190
622,18988724,274811
623,52759204,280740
624,38498517,169405
625,25858893,748669
626,10380724,661190
627,57391079,527679
628,70742229,146339
629,83095624,109741
630,25538801,728222
631,76804181,182167
632,93331059,803841
633,68773622,507884
634,98052418,672317
635,42122390,581050
636,63067668,948622
637,39906431,290115
638,43853850,861879
639,93999426,240313
640,23013545,709472
641,26174076,601046
642,20612523,666109
643,95141456,885920
644,78869755,851432
645,94880865,121349
646,70768272,115265
647,18825466,939064
648,12876182,913829
649,58652393,669063
650,58828988,330609
651,53478036,944946
652,61687355,837880
653,29020700,938973
654,80560224,415532
655,37363436,614136
656,44664435,328529
657,32150363,706322
658,71331938,403625
659,36272636,822300
660,97327746,338483
661,16448801,476092
662,76930426,546882
663,58458134,245839
664,92843838,500515
665,35903051,649624
666,64074423,664608
667,54874575,707636
668,85371835,334972
669,83423838,685563
670,75574706,213751
671,88498226,497355
672,21829028,836492
673,57637187,885973
674,38902277,895164
675,70663699,599213
676,65727073,895917
677,83790082,984237
678,83962223,344285
679,85531902,476895
680,36621670,763847
681,84482442,597947
682,21199685,983697
683,79235974,410757
684,76924670,747037
685,61836854,173648
686,59789991,598552
687,42374276,922346
688,60739247,137193
689,16259459,670521
690,75536011,577690
691,38249442,112991
692,67534232,188159
693,43144824,170002
694,92595976,631229
695,98752927,898791
696,56312174,346832
697,85970173,402982
698,42176538,212768
699,53557602,276820
700,65409081,771635
701,50890071,223715
702,23064481,971307
703,46404790,258053
704,27777891,870439
705,74033398,172567
706,41420285,956784
707,76659284,572542
708,23261182,315606
709,30352114,906308
710,40664357,806819
711,31937814,426433
712,26490201,361477
713,10487376,460394
714,26446661,810335
715,74830314,477334
716,47896632,733782
717,77664403,872497
718,43444506,206951
719,92257334,273138
720,68776491,392234
721,84434044,838123
722,12521360,656702
723,41792422,145015
724,85360746,652836
725,16364646,429624
726,71316981,748867
727,93016045,705233
728,78526688,304365
729,56915011,109983
730,83445314,450026
731,32331822,711608
732,19649045,513898
733,23262119,894412
734,91331792,492241
735,56456638,487820
736,98579398,450593
737,36484409,343379
738,16605389,953104
739,50200427,235581
740,45334792,417702
741,46233564,941902
742,81655064,992659
743,65347646,809144
744,58662168,808755
745,53755721,795799
746,56494950,636447
747,27736222,164782
748,44701039,977107
749,52121722,935296
750,59600516,340976
751,80720514,275938
752,18405457,203768
753,60870861,608865
754,49135558,240988
755,65547198,956995
756,89123849,485852
757,24261851,603865
758,70434146,390290
759,10776381,488566
760,46015893,397903
761,41914594,700254
762,79977120,331187
763,76616329,348832
764,49213375,871327
765,84102063,896004
766,51530419,710957
767,63479784,126609
768,64671844,146774
769,73157689,485348
770,38748842,678344
771,44916862,661698
772,60417893,597246
773,72227418,632241
774,66228986,873489
775,14230102,736856
776,91420948,756847
777,79513598,288719
778,67253869,553475
779,30692007,971310
780,52839848,201743
781,97439939,117647
782,10802971,818138
783,27833185,228144
784,84956591,611713
785,26311477,215975
786,15469010,722247
787,60146567,608950
788,56704339,555055
789,83425060,165315
790,72252304,338341
791,58783564,354518
792,98814805,276537
793,74595933,461155
794,67784204,708860
795,11345575,715566
796,22184213,452443
797,91942441,254088
798,40746319,449940
799,21277485,849376
800,21926336,544024
801,72513543,176391
802,62692763,875705
803,93559840,674419
804,89845845,248015
805,73862539,971623
806,32688706,671327
807,60663972,645978
808,10902370,764438
809,22550244,891967
810,76020716,439433
811,24545436,795140
812,12789574,604817
813,27671321,978383
814,83907132,800470
815,75329549,847693
816,24792989,103094
817,41364770,408124
818,80820723,472373
819,24773854,869644
820,63946237,268247
821,15082588,294406
822,82384758,642905
823,70804842,863102
824,67184502,172538
825,82953821,708661
826,57892873,396762
827,81796056,320067
828,24491597,840922
829,88340197,123332
830,50967329,770796
831,88018827,232990
832,32661553,214691
833,85430327,898231
834,57334278,112137
835,26411148,660079
836,64419779,372250
837,62953089,156339
838,84233743,450184
839,51761326,152082
840,85604352,226592
841,65293056,935634
842,63211606,286933
843,33006966,225396
844,21540905,570278
845,95550904,908718
846,57034275,414372
847,20800602,855242
848,65705025,172798
849,70058837,870758
850,62935464,439276
851,30529984,572985
852,88268192,923820
853,70288515,503800
854,14280637,925993
855,45069862,910486
856,82182538,220760
857,36511419,939915
858,25358060,172013
859,38980323,865892
860,54102950,939808
861,11778034,903836
862,30162388,508200
863,26821635,434512
864,41930978,120421
865,10654183,543339
866,87521952,393307
867,69681701,199030
868,96847403,834948
869,10840604,670719
870,24358574,557796
871,12741186,163133
872,99774394,409077
873,90442018,141941
874,16914338,763127
875,96887790,205373
876,43843683,621777
877,80910710,713627
878,66789881,476730
879,42771160,181327
880,12847617,795209
881,66034272,463900
882,11093432,922203
883,73085260,464892
884,60577276,593316
885,21373064,622646
886,90282939,463613
887,46695747,559902
888,50009638,608150
889,49377815,696645
890,22848323,592864
891,88135811,200501
892,58042839,800243
893,15552925,487669
894,56619192,197801
895,22852837,983338
896,59076533,313461
897,49075938,654641
898,89126335,106292
899,30671202,208422
900,39000893,348968
901,20815959,589271
902,19478379,299059
903,58528349,349590
904,37819785,150527
905,24048360,241657
906,68916935,808865
907,34151853,674482
908,87962379,550557
909,97851763,984517
910,21209879,267513
911,48797087,732262
912,46537763,721958
913,99284539,986962
914,17329655,917120
915,70941527,389479
916,76660097,947056
917,77618176,698406
918,72923038,885183
919,70223217,125158
920,47640321,890834
921,22708386,538722
922,37859042,798267
923,43430293,832420
924,77284124,899029
925,37688112,204897
926,77434261,283592
927,89523104,925880
928,92856860,829275
929,89009794,657462
930,50856991,432669
931,35583504,421524
932,90480245,559467
933,36320420,638655
934,40765301,958173
935,27211328,540252
936,75418230,311665
937,11966067,490606
938,47329802,940944
939,23910010,581838
940,83723772,287885
941,96238048,851037
942,11390591,846891
943,73440885,319239
944,68096677,659857
945,76681009,317878
946,15853904,538597
947,77517925,179953
948,36126657,397549
949,97208896,110003
950,46509766,788341
951,54250453,708988
952,27784501,305072
953,33723683,673386
954,66641460,295007
955,58567770,448132
956,85344598,141738
957,81725413,865810
958,19886870,242486
959,83492348,300873
960,66233362,752360
961,48656773,100231
962,29716151,320379
963,84101944,723238
964,57281121,873243
965,40109586,698124
966,19144539,298198
967,84931618,692048
968,15974800,494726
969,84476130,647975
970,90132475,888221
971,50047735,265386
972,73586452,892184
973,94304305,171723
974,88899939,424398
975,37573521,157107
976,78294104,597782
977,24918752,768997
978,57978676,649304
979,68262546,274595
980,61885597,615544
981,43608440,460800
982,85950391,435727
983,55631068,253824
984,21570839,692069
985,46693391,759272
986,93898740,584912
987,90252068,436884
988,76229137,216836
989,19355966,773374
990,51544359,878828
991,96686566,490810
992,18845447,631392
993,55866419,290848
994,98455648,925401
995,46704109,470757
996,54797042,812546
997,20851147,451227
998,87014396,811019
999,38631755,708809
1000,46184807,229270
1001,35800235,130150
1002,82637946,301475
1003,78380038,853913
1004,79269893,392856
1005,61305044,315506
1006,46893878,824079
1007,50267911,632013
1008,75030979,193350
1009,98860840,359517
1010,31313290,479705
1011,68685233,207711
1012,22229279,260805
1013,90213051,823407
1014,39827994,862868
1015,74427901,391052
1016,79767547,936674
1017,76422918,200636
1018,82536739,956176
1019,60050731,223726
1020,60964796,372112
1021,59326747,386777
1022,75335596,778961
1023,24023922,743494
1024,28817190,350466
1025,52847606,686643
1026,58734963,547507
1027,53656373,683470
1028,47411928,176692
1029,10309429,159580
1030,14589677,818550
1031,66521290,570454
1032,35107797,652804
1033,74079524,186906
1034,89888508,427628
1035,17940535,836243
1036,66555477,650772
1037,96573854,778736
1038,60597651,333544
1039,91316636,129047
1040,34876214,210660
1041,17628618,176320
1042,98722115,320908
1043,79875215,253241
1044,82730282,496290
1045,46188808,750762
1046,19199661,606504
1047,38138469,497912
1048,53338367,230011
1049,74412055,218690
1050,45157543,630437
1051,20497981,201090
1052,79676454,304775
1053,58052546,510372
1054,50012649,293585
1055,79026682,823290
1056,61215317,299740
1057,67641993,439902
1058,65399767,727953
1059,90204523,761032
1060,80651434,472742
1061,32555947,647357
1062,42424438,874987
1063,33677078,738425
1064,54673863,947281
1065,65866449,770492
1066,43273934,185913
1067,15537441,977143
1068,59154338,299001
1069,45792197,672945
1070,10795597,577427
1071,60683874,532099
1072,37880456,204032
1073,40693263,666361
1074,30894895,642495
1075,36815152,549853
1076,61772475,526970
1077,33494252,228321
1078,63090156,257715
1079,69835014,202597
1080,56479422,155140
1081,12056964,592302
1082,31025500,777867
1083,13300935,699752
1084,34057098,728928
1085,17035661,585310
1086,52995392,863968
1087,83587801,243201
1088,50729056,176991
1089,54489838,615391
1090,42900619,501454
1091,21365677,394655
1092,25453059,855264
1093,36284121,923659
1094,63844858,486628
1095,14767574,269829
1096,63423988,122956
1097,56436648,775894
1098,52463620,240030
1099,78072150,865389
1100,59082471,315137
1101,10611459,636023
1102,83695072,686082
1103,10343759,667191
1104,46424643,279803
1105,38062678,135396
1106,79954445,338440
1107,90111147,514128
1108,13902817,266462
1109,81115183,672856
1110,50966808,917231
1111,78102949,605245
1112,42969700,706597
1113,43616130,964779
1114,36602292,282112
1115,33631847,518564
1116,88677039,664865
1117,71382070,818402
1118,71068484,574456
1119,23241622,103761
1120,39047374,227710
1121,95705744,481701
1122,46662668,391005
1123,56349156,226736
1124,97445909,763857
1125,14382185,850882
1126,88983483,813602
1127,95578123,234719
1128,28840280,662608
1129,46613663,339954
1130,14642600,803399
1131,84795586,132306
1132,31316146,826177
1133,56865066,307694
1134,63090051,653442
1135,25015455,959452
1136,43265097,865250
1137,77422563,937530
1138,18955740,665187
1139,25811810,964311
1140,11959822,553403
1141,57290023,434799
1142,32621564,745041
1143,80442548,295634
1144,14212980,113364
1145,85119497,589311
1146,18585633,971816
1147,84092175,769466
1148,25020703,555931
1149,62144275,177108
1150,63393237,287862
1151,46626741,491618
1152,59307485,991512
1153,29616623,102726
1154,14901221,889119
1155,46772467,309665
1156,23806627,343604
1157,55250000,809714
1158,88844991,287026
1159,61990977,999636
1160,58760640,862160
1161,27989505,407724
1162,89983839,968008
1163,78845266,952196
1164,29538339,940529
1165,86246939,125299
1166,46172174,539793
1167,72293694,989492
1168,25595170,530813
1169,85066163,374979
1170,86680532,336608
1171,44901837,384604
1172,79116400,629098
1173,87453762,432065
1174,46934062,641997
1175,70956376,740664
1176,89930712,695993
1177,73763659,255456
1178,13809769,155008
1179,89883417,627077
1180,16241704,669050
1181,39296134,930135
1182,11200185,216723
1183,84126700,544961
1184,77436489,796881
1185,88489185,313118
1186,63468735,970969
1187,85869796,553786
1188,41433551,120475
1189,60541358,890043
1190,39007094,153229
1191,65801194,374816
1192,54958816,630655
1193,16349177,522017
1194,73191760,184321
1195,40962733,357282
1196,70894903,281817
1197,10887571,463957
1198,43758454,763327
1199,61596128,925742
1200,89122944,210201
1201,41345894,364139
1202,41651790,302205
1203,52196602,949311
1204,79590114,564295
1205,91352528,349508
1206,25114560,105294
1207,94018502,197505
1208,20259285,253868
1209,89953861,590779
1210,69897083,300281
1211,64333800,981757
1212,10490948,307228
1213,99838940,389989
1214,49391160,755242
1215,74541310,513393
1216,43744943,551227
1217,79456084,501484
1218,48249268,839905
1219,67318378,346367
1220,63165132,636656
1221,35130049,334952
1222,21528663,935020
1223,60024305,288019
1224,67773930,530218
1225,28484308,487444
1226,33242474,870274
1227,11667726,330083
1228,16598288,971737
1229,70680244,910027
1230,45670111,370721
1231,54763706,588572
1232,27138115,296430
1233,96841270,356377
1234,23510151,302450
1235,10984026,459858
1236,50983934,539625
1237,96567854,828387
1238,53272659,384631
1239,71211764,196547
1240,77489023,148530
1241,68786196,257216
1242,25695892,438539
1243,46039497,547226
1244,83082799,172402
1245,12831923,477712
1246,53343161,902508
1247,18955681,724988
1248,41613771,198563
1249,75009987,695671
1250,92612742,442296
1251,79954507,627013
1252,23286766,170339
1253,77276841,799484
1254,40292913,354150
1255,54042055,114539
1256,19197967,603164
1257,43018054,333071
1258,52073139,789452
1259,30535450,445757
1260,85785927,830683
1261,52054594,956177
1262,23058398,437981
1263,50898452,925636
1264,41661045,305251
1265,49427557,159052
1266,39542477,595552
1267,26186037,947726
1268,38597164,129911
1269,55004629,426488
1270,29122629,177097
1271,92951665,736858
1272,56817390,732477
1273,11095151,660541
1274,57800147,703787
1275,32934582,340360
1276,76452371,809894
1277,25208985,481392
1278,68593233,389482
1279,43215353,861856
1280,41706788,408024
1281,94192932,130574
1282,81792620,343122
1283,99732177,470747
1284,35087731,527269
1285,48195541,480548
1286,72349412,992620
1287,46879097,532450
1288,76397389,670185
1289,28662812,922429
1290,97318082,873528
1291,12193065,411554
1292,94850703,601851
1293,58885310,861133
1294,74113939,313456
1295,43747408,670100
1296,13450492,870238
1297,42853846,201451
1298,16263181,634353
1299,86652226,445666
1300,30151374,971094
1301,81738087,828702
1302,92168193,342455
1303,53358580,100384
1304,21961694,461492
1305,60410386,468770
1306,96904443,591640
1307,51382700,538684
1308,12046376,309987
1309,81683347,297116
1310,53686657,223432
1311,74625696,101925
1312,53781206,235315
1313,24771965,445721
1314,57288168,637032
1315,65668318,495959
1316,54429734,114117
1317,13743567,852924
1318,95083208,322695
1319,21905289,457860
1320,39542704,393609
1321,83109274,415749
1322,48896237,823941
1323,62725680,273709
1324,81287310,434562
1325,44997657,203954
1326,51257745,943696
1327,68654339,655742
1328,18178803,213345
1329,87643661,126557
1330,28854986,325062
1331,73819176,519702
1332,17907076,912791
1333,44154014,528743
1334,13800814,252327
1335,10840610,259360
1336,76625147,874179
1337,10037725,837445
1338,80717418,456768
1339,37024166,953175
1340,43531004,207888
1341,11448955,721426
1342,45600076,415393
1343,49533651,557363
1344,71988940,121998
1345,92708889,993513
1346,89650471,457681
1347,20839879,127234
1348,41295402,526313
1349,50157736,693005
1350,58369310,157654
1351,38161713,354684
1352,61107156,613685
1353,53677189,877232
1354,42589847,663351
1355,41264195,578387
1356,84305328,537678
1357,55466210,825825
1358,15848169,501615
1359,81178087,762322
1360,53757672,661595
1361,52266796,336951
1362,86091070,191608
1363,17282091,612489
1364,56282365,731720
1365,22450030,750660
1366,80165517,656793
1367,12146890,614657
1368,30837162,908800
1369,14622613,952613
1370,34222421,156092
1371,83204908,770932
1372,66845243,248651
1373,69556513,416058
1374,71565581,523941
1375,63641055,601370
1376,52255088,453905
1377,87849524,539364
1378,16768617,107376
1379,21830255,799695
1380,41240858,199184
1381,59133671,589365
1382,94872408,369676
1383,52935453,615186
1384,52839104,524998
1385,57075847,635440
1386,99470644,706886
1387,20864997,872547
1388,97001878,339723
1389,97593848,190565
1390,41022541,320196
1391,18663130,221802
1392,58109120,204851
1393,85965519,955501
1394,45457988,653655
1395,26172998,368572
1396,68551561,838419
1397,74717502,641551
1398,66939025,580243
1399,83142775,170769
1400,30248665,993951
1401,46540964,516911
1402,42140318,767940
1403,13405336,748719
1404,61070295,626782
1405,98480336,891429
1406,35493680,206479
1407,79594935,126548
1408,35407946,535100
1409,33550811,687814
1410,44100589,657964
1411,66741996,802300
1412,30483309,392557
1413,66497191,471589
1414,35329465,814711
1415,40703102,788962
1416,86037450,539802
1417,56487655,824944
1418,44884392,666328
1419,47308483,158709
1420,91993991,298913
1421,54622698,490535
1422,88206905,833046
1423,45642610,678626
1424,90711039,769716
1425,65728784,900568
1426,66111832,593755
1427,51345609,183891
1428,12792208,250958
1429,34436488,733395
1430,35965520,614408
1431,28998888,513193
1432,46528519,184934
1433,34991397,327917
1434,37945823,133809
1435,46366812,101913
1436,97534455,519604
1437,70519973,732113
1438,15228816,970282
1439,31198234,574533
1440,46450416,513520
1441,28472469,465230
1442,73498888,646006
1443,36384023,417541
1444,70355649,751958
1445,45834590,817178
1446,50809739,818513
1447,87658306,345394
1448,75489517,585235
1449,67555930,937936
1450,46368060,700978
1451,70435709,288503
1452,30248067,978475
1453,97911024,916232
1454,74561647,513490
1455,67071728,851417
1456,76479939,814076
1457,62078011,762345
1458,68821500,630029
1459,73625555,154286
1460,50458475,972202
1461,94087184,791026
1462,91891321,841569
1463,36150884,808222
1464,67057245,568016
1465,20575912,462801
1466,76591080,273471
1467,14904243,759268
1468,28000721,603857
1469,90552713,863488
1470,62315199,657553
1471,47749155,153312
1472,73907423,658406
1473,99972190,269327
1474,13733724,448632
1475,65811381,318502
1476,41823134,448333
1477,44987364,637948
1478,41976019,959474
1479,57398074,495052
1480,78514198,944023
1481,42772485,231563
1482,59387404,246447
1483,99194856,606695
1484,99551042,751611
1485,31318029,727763
1486,17221460,492523
1487,27091173,548567
1488,49079628,506625
1489,50015694,519802
1490,34352798,493808
1491,62586887,744468
1492,12720268,154668
1493,17647556,514921
1494,39079438,874459
1495,45004165,508091
1496,47444563,649907
1497,47341356,202769
1498,25903723,957505
1499,63188696,630409
1500,50604504,532916
1501,58920183,526291
1502,42478507,224302
1503,56540432,643388
1504,41059389,951933
1505,25680195,840412
1506,13290441,524718
1507,65143865,815749
1508,64362484,374321
1509,76507986,921643
1510,80972152,725478
1511,36556137,977550
1512,19424352,774405
1513,34823838,849023
1514,88203977,422709
1515,15700669,147510
1516,78128847,746067
1517,22160861,268130
1518,22261757,861376
1519,11473323,427113
1520,46122647,588809
1521,58068598,708421
1522,33271885,565877
1523,94604062,249842
1524,55447084,784597
1525,89531636,891635
1526,67318209,900889
1527,21993284,750406
1528,18880461,478606
1529,75314065,428917
1530,10917634,250339
1531,64649461,392010
1532,26423523,974578
1533,59854468,818192
1534,95841768,659544
1535,19712173,703085
1536,35873999,100257
1537,97415224,554158
1538,14846747,488251
1539,48183954,549498
1540,86425343,682947
1541,29947759,807190
1542,35012883,160216
1543,53900418,358594
1544,85207461,871347
1545,79149591,642148
1546,35929261,873017
1547,72818938,817831
1548,95370830,270569
1549,33317906,528333
1550,59803168,578876
1551,79715387,120073
1552,90097993,403144
1553,82110857,561215
1554,94865896,430104
1555,23955111,654107
1556,17746872,397594
1557,81608126,633864
1558,43226086,733413
1559,90459570,561710
1560,18075337,724571
1561,77861773,240651
1562,40513600,979754
1563,68832859,602127
1564,92648890,883497
1565,75973029,586384
1566,62910844,169238
1567,98027617,580887
1568,48440090,474853
1569,12866481,347366
1570,98632408,957557
1571,50845482,991108
1572,84047556,844475
1573,77100947,284791
1574,13279704,168384
1575,91903823,793684
1576,16894020,878137
1577,54446747,429864
1578,12280583,138216
1579,40359711,871507
1580,93973307,448739
1581,10409379,409627
1582,25588702,428311
1583,27245351,859685
1584,69337949,988303
1585,28167679,175923
1586,72107003,601964
1587,69268272,555488
1588,91911016,243024
1589,44675311,527251
1590,54488171,661586
1591,89580766,613696
1592,41742183,465026
1593,79858387,994033
1594,70819344,798353
1595,50465826,725528
1596,55536851,177243
1597,80908901,250817
1598,88606841,618295
1599,66637376,139695
1600,94961827,296930
1601,14914260,256077
1602,48910111,957202
1603,14101734,423581
1604,56396576,889153
1605,74474218,892337
1606,95761531,103465
1607,69495247,499513
1608,98368869,377759
1609,98573746,130479
1610,53320333,887493
1611,91062254,154277
1612,68927547,444757
1613,28531861,845102
1614,17021036,511626
1615,63437425,356218
1616,86473966,684128
1617,29856566,844378
1618,23037711,605745
1619,72079176,876626
1620,41086922,362265
1621,90639619,248240
1622,77424907,850625
1623,28637561,342303
1624,99188607,459733
1625,19689419,312855
1626,35182858,345720
1627,55656216,723696
1628,23546632,161496
1629,60214722,429517
1630,10215129,872562
1631,10270563,447432
1632,44892089,127932
1633,37353540,833202
1634,12922513,435581
1635,25910234,898768
1636,96066192,518073
1637,54010034,226643
1638,80743178,579439
1639,10324167,825894
1640,95750807,558047
1641,70908392,184881
1642,58334248,790174
1643,70309045,234022
1644,75301768,640004
1645,88095097,579462
1646,58673112,449656
1647,52443062,301626
1648,79534670,353208
1649,71698776,158317
1650,30452042,362649
1651,61671749,746407
1652,17658361,443862
1653,57007240,319579
1654,83617340,450225
1655,55276195,256231
1656,46541785,202381
1657,43604602,880524
1658,18117586,433606
1659,59876200,249629
1660,52512911,736828
1661,43077162,387730
1662,94645435,296787
1663,98911481,914860
1664,41466099,720564
1665,92094547,981100
1666,84387475,975423
1667,71754897,839505
1668,38308614,618397
1669,85404454,333686
1670,90831964,469664
1671,70277502,316872
1672,41897166,280343
1673,78835427,132415
1674,70557067,858898
1675,10039989,264367
1676,50986364,994423
1677,59849192,929248
1678,65511781,734734
1679,41263077,889300
1680,85718564,448385
1681,89705966,570215
1682,23555630,833614
1683,81838521,786570
1684,96633713,784118
1685,49674168,435758
1686,99744096,137278
1687,29488151,396358
1688,43116817,804483
1689,82764896,781948
1690,20184837,492492
1691,53218014,928424
1692,35879538,170232
1693,83147928,615623
1694,97124819,788748
1695,86469636,923227
1696,46852801,695763
1697,80973419,985440
1698,52442541,677563
1699,55407305,779573
1700,57904097,839016
1701,44588302,147053
1702,71959138,897671
1703,71121815,428108
1704,36549321,925351
1705,70856624,826463
1706,29442656,430931
1707,45134734,302857
1708,35966691,346490
1709,25552369,845528
1710,72107797,597039
1711,75307204,598082
1712,96420432,940517
1713,62916539,818765
1714,93802849,664666
1715,89627257,825449
1716,28828088,453985
1717,68163369,220405
1718,27059056,678416
1719,37270638,669052
1720,22857323,889830
1721,91218760,973270
1722,95358630,817798
1723,31456161,233065
1724,49046812,706337
1725,78414840,334815
1726,70099985,949125
1727,78487890,111759
1728,31392499,957440
1729,64592142,976852
1730,77592383,482890
1731,98651888,812033
1732,12386335,524760
1733,67794316,140218
1734,12855904,245892
1735,40446254,581001
1736,73238232,746331
1737,87409350,329426
1738,93557976,130043
1739,14386380,946129
1740,93472012,212002
1741,86287266,895978
1742,10893921,690633
1743,20559680,421798
1744,55941689,463230
1745,20766395,217864
1746,56823330,732559
1747,22949383,929149
1748,23332808,274458
1749,29751570,705396
1750,41826136,830020
1751,85858485,342866
1752,17260796,636044
1753,86873402,962524
1754,65722094,297479
1755,35126926,778528
1756,98989289,510586
1757,83194276,994288
1758,26088329,508046
1759,77494539,459123
1760,97798277,891705
1761,77795789,520944
1762,56034093,880142
1763,13560236,266788
1764,56366245,826049
1765,88004772,121930
1766,66976298,491627
1767,65852694,321796
1768,71136994,594213
1769,58311415,275840
1770,77559267,183544
1771,79444490,149747
1772,78852891,278602
1773,91566719,291237
1774,64998952,782760
1775,29923418,424259
1776,13068288,189621
1777,78405736,423957
1778,98819290,241526
1779,87469583,184034
1780,53167591,237065
1781,69912929,746972
1782,89570198,565829
1783,30202456,656485
1784,98653146,519993
1785,28676290,252506
1786,65639752,773313
1787,31514794,953045
1788,81226475,216390
1789,60907236,956247
1790,72671218,492917
1791,38948250,191372
1792,38805665,863042
1793,75361687,962234
1794,32558250,233514
1795,82342783,984152
1796,56756657,848298
1797,59287542,559777
1798,82853164,364515
1799,91190385,534099
1800,29790098,669471
1801,42239311,148748
1802,18104280,207609
1803,43302216,265201
1804,98440634,412218
1805,42579557,445455
1806,67092833,839077
1807,70725858,599378
1808,30523242,115216
1809,89243113,604434
1810,21802100,715453
1811,87942363,101921
1812,99737116,100632
1813,72255709,345795
1814,95940049,700965
1815,44389826,308709
1816,43050407,626458
1817,47743502,137243
1818,44676156,385882
1819,15805527,512038
1820,19076450,895860
1821,66712151,120273
1822,82617854,502408
1823,96257050,622739
1824,24317543,543284
1825,84676662,851523
1826,66489188,604331
1827,33049272,736307
1828,51907090,438127
1829,57923925,373844
1830,91303349,131534
1831,78694985,402827
1832,74773394,108017
1833,29006831,752659
1834,97884391,563481
1835,36153746,183273
1836,95092677,465969
1837,44396034,154827
1838,48976938,814878
1839,77565522,680737
1840,23862392,204860
1841,17915793,689971
1842,61602269,842654
1843,69452750,377555
1844,52913591,225720
1845,65368283,227343
1846,71999216,361127
1847,67961267,180882
1848,82142253,622066
1849,19269746,401501
1850,82768973,771170
1851,86364384,787099
1852,11408646,837268
1853,52859323,239232
1854,16670831,151257
1855,49268694,326627
1856,75461832,275139
1857,59907555,475457
1858,38214028,340349
1859,79513386,238981
1860,37931046,553708
1861,85743661,207333
1862,69507392,328970
1863,18132270,398085
1864,31027447,675284
1865,74803108,523929
1866,20350524,771623
1867,66154935,867982
1868,30232824,754579
1869,76493032,908092
1870,35820784,420059
1871,14044367,838188
1872,15599881,955925
1873,65150337,878259
1874,57513880,688816
1875,14850334,338299
1876,57453871,549358
1877,96294980,691831
1878,66134059,321456
1879,58181953,861563
1880,11748700,116216
1881,45456912,108627
1882,42689725,103388
1883,74538271,804319
1884,98697434,687627
1885,68926531,201948
1886,45382188,326013
1887,10949895,108397
1888,51946088,614012
1889,12182959,575675
1890,74132229,376918
1891,49075288,378414
1892,57773911,730541
1893,22855878,667197
1894,33974600,747736
1895,35957125,804877
1896,75517472,800909
1897,80901829,204992
1898,61566581,787646
1899,17699763,755110
1900,46457141,713334
1901,84750674,794430
1902,69698546,123486
1903,18599010,975030
1904,88197479,746753
1905,31613122,543388
1906,34240850,931551
1907,50302594,686759
1908,60202928,565962
1909,38420785,791802
1910,41989374,524722
1911,51079523,972584
1912,87332987,414558
1913,17117117,922000
1914,15271480,635796
1915,25026433,676621
1916,48952892,424605
1917,65054457,505732
1918,79564137,793843
1919,50445753,320885
1920,56640098,526133
1921,26011460,938316
1922,36905984,795316
1923,27786043,602952
1924,72643312,341324
1925,75591978,226070
1926,25630733,540241
1927,49400733,602864
1928,14417323,313007
1929,53991655,413699
1930,72573796,536229
1931,10689791,387809
1932,87064347,744591
1933,42086809,818697
1934,26824981,730080
1935,88733975,624585
1936,64536117,280329
1937,90311139,765422
1938,93085694,128419
1939,41474445,652546
1940,63271896,984256
1941,71469950,816184
1942,52793681,293402
1943,71548052,580402
1944,50006643,986397
1945,82069882,101693
1946,88755308,528347
1947,28538108,193904
1948,80801473,467371
1949,37068545,722499
1950,99122647,567233
1951,25179148,751125
1952,60155376,735350
1953,98337889,346194
1954,38412791,919580
1955,82661648,988144
1956,37168993,330425
1957,42610901,690556
1958,96243279,446498
1959,78434026,634378
1960,28487324,585777
1961,13128335,282426
1962,20364667,644692
1963,87137304,243684
1964,10639981,640162
1965,96540009,826697
1966,13663958,826221
1967,51576642,177172
1968,97993807,458794
1969,71297368,707763
1970,33073024,601601
1971,48949636,931436
1972,90020676,333364
1973,27114939,205545
1974,26187346,158837
1975,17743182,876129
1976,34747941,161205
1977,38543342,163448
1978,13331582,724831
1979,31268173,107347
1980,69347223,790736
1981,69731953,525141
1982,66565994,936897
1983,95401647,358582
1984,74607372,882770
1985,74723904,844435
1986,12605504,956893
1987,72953596,733580
1988,86035840,559020
1989,81207088,620131
1990,11574896,737043
1991,67791429,452521
1992,79223493,744829
1993,63186305,863288
1994,30409979,872612
1995,20502802,494567
1996,37642426,759875
1997,64769736,449210
1998,69032147,695336
1999,25123317,871287
2000,81169296,343663
2001,11248076,100955
2002,82426076,685560
2003,75932142,646812
2004,24792252,750219
2005,25868746,863504
2006,30946586,807242
2007,43612620,334480
2008,62496886,886478
2009,29198632,697791
2010,30167512,111189
2011,70692417,601142
2012,76370995,826148
2013,41506069,199427
2014,17966661,870628
2015,20496964,895844
2016,88740206,709444
2017,94540921,286894
2018,77688504,903157
2019,89143986,448031
2020,64087917,507491
2021,69036584,184844
2022,75476524,118812
2023,55282708,373209
2024,70810068,160015
2025,40813921,693301
2026,41550159,377625
2027,61463183,170593
2028,10859323,130879
2029,85379219,324775
2030,11057561,503218
2031,28802732,626022
2032,51829109,884571
2033,79271012,815870
2034,91889173,825177
2035,28907993,383022
2036,92628988,259087
2037,80723090,899361
2038,23200413,785067
2039,55572393,423297
2040,60442180,963447
2041,36807883,256209
2042,64420660,151643
2043,31511183,149294
2044,77942301,328522
2045,33608527,727417
2046,54816883,375696
2047,23710578,926998
2048,84527750,589263
2049,14226625,597916
2050,96299686,373080
2051,32035726,970783
2052,51635136,417060
2053,98192396,515849
2054,91579159,785162
2055,59319019,346120
2056,88340766,587225
2057,31535543,930984
2058,29118889,361679
2059,59209392,302161
2060,91481640,693385
2061,23178445,134363
2062,54473251,763134
2063,58517535,110905
2064,80354604,615625
2065,65424034,114988
2066,35636970,249795
2067,25941227,796954
2068,55160263,997682
2069,57944285,184833
2070,21377276,480235
2071,90260231,362038
2072,81346495,207932
2073,43979318,432992
2074,73387769,108223
2075,91664546,875895
2076,17717108,789583
2077,86896504,887714
2078,28599355,945767
2079,13430752,555442
2080,94063710,687671
2081,28282600,497523
2082,62147075,671501
2083,45611100,201933
2084,60044954,868416
2085,47357106,276142
2086,81923327,507576
2087,54983694,483927
2088,88856721,207192
2089,73126450,400379
2090,62778429,228848
2091,82165305,967467
2092,66960273,927059
2093,53020732,992891
2094,84722233,548459
2095,11361422,420997
2096,85754003,913969
2097,90670757,146642
2098,54787853,437728
2099,38929581,708852
2100,64381697,258161
2101,11774650,723743
2102,89599434,578813
2103,77141353,488201
2104,18230888,596164
2105,14979128,696727
2106,73302406,351957
2107,92102884,372452
2108,56377708,380279
2109,52171118,522057
2110,93307800,692989
2111,26098257,998681
2112,51537277,597997
2113,69145205,450773
2114,84264676,639699
2115,75756681,676795
2116,83393639,894133
2117,61551376,161897
2118,55333318,415520
2119,77054177,487940
2120,59977507,306419
2121,58046906,663465
2122,19692022,812884
2123,17312468,468851
2124,60343332,896129
2125,28872704,938527
2126,44557109,911098
2127,88776292,234362
2128,28711921,677680
2129,54414785,470481
2130,70222013,454459
2131,51511139,216749
2132,21047959,409495
2133,29171723,148379
2134,40477709,457145
2135,97428135,651556
2136,29072076,126849
2137,46575567,861589
2138,99693859,342981
2139,79704747,594525
2140,18496600,450917
2141,32246944,903535
2142,92402089,655337
2143,28329908,101893
2144,64818413,153648
2145,82826546,357462
2146,55782438,123808
2147,79660861,517947
2148,23289086,590529
2149,63936681,959647
2150,33071210,310992
2151,83053400,214729
2152,34257034,186976
2153,35705168,765632
2154,16642683,323676
2155,94068449,333246
2156,49155708,466795
2157,16169264,339342
2158,53960573,174071
2159,50043004,879172
2160,31724609,128075
2161,11556926,881015
2162,40555154,395355
2163,12996760,870814
2164,12395907,308795
2165,44296696,619303
2166,21245259,264433
2167,50570287,241665
2168,22973808,319989
2169,82037291,994835
2170,23843539,999877
2171,30531261,381340
2172,17186547,514215
2173,95201475,943608
2174,38455787,453551
2175,44043330,630514
2176,56583923,711021
2177,72310858,189661
2178,79036909,935451
2179,54214473,395424
2180,18695103,383405
2181,23720880,883922
2182,62687341,980775
2183,78227563,447166
2184,15506122,493332
2185,10893257,826782
2186,62848397,104858
2187,56851955,350265
2188,14112884,427245
2189,63520992,105418
2190,83682228,977742
2191,47206551,966442
2192,51476992,189570
2193,41752963,971094
2194,79530698,125659
2195,89177761,816073
2196,35725071,961482
2197,59768222,699824
2198,67609375,850124
2199,60450712,671626
2200,55068027,878809
2201,67446052,977327
2202,97272244,647842
2203,34961209,862482
2204,19494951,472628
2205,38077515,252566
2206,72079880,588394
2207,49907298,166292
2208,63020643,297993
2209,68741441,540217
2210,12047211,540632
2211,70900789,654580
2212,80957881,855992
2213,78528621,356698
2214,30070551,263514
2215,63393955,264157
2216,62516706,535448
2217,75592114,285868
2218,62876760,739271
2219,11557825,424758
2220,21496545,954492
2221,10361223,592034
2222,57301285,446477
2223,70569148,165401
2224,81061265,103439
2225,89889067,215307
2226,63334458,202134
2227,97977328,507260
2228,90140801,680608
2229,28739648,953724
2230,91647326,542795
2231,30391450,679183
2232,46120956,976219
2233,27160269,683537
2234,48865173,738258
2235,80152071,741060
2236,45956669,724167
2237,95706072,992036
2238,60007493,571350
2239,24652123,891974
2240,52488789,259828
2241,45202693,116195
2242,55178240,247339
2243,71842600,763097
2244,96731495,286772
2245,35113395,239052
2246,37083040,624497
2247,30547249,319468
2248,99508404,950190
2249,14803118,444188
2250,19167659,440602
2251,21186372,618383
2252,20251935,873524
2253,47438218,827879
2254,50623872,611172
2255,69601234,601495
2256,62663021,819147
2257,79722339,392030
2258,64577743,304802
2259,40921639,370809
2260,66437209,802096
2261,48624762,758322
2262,93201363,485721
2263,15108031,960504
2264,47665948,502802
2265,89839917,407585
2266,81725973,434156
2267,24862679,556355
2268,75124516,119721
2269,48030762,421259
2270,66656781,864328
2271,10736785,453206
2272,25243364,566801
2273,42909506,269840
2274,19017196,823640
2275,18003225,174169
2276,67477953,671208
2277,78432206,240438
2278,25407805,362736
2279,90671888,752122
2280,11718208,943294
2281,43058335,480436
2282,30618114,271448
2283,19831574,752141
2284,38594722,324991
2285,31502974,297460
2286,23340223,753595
2287,79620981,887422
2288,20596198,359387
2289,22771262,365321
2290,28356897,170927
2291,69985058,447986
2292,58639825,137269
2293,26846504,844776
2294,57321853,138584
2295,94576428,217183
2296,39365201,248457
2297,35753866,685744
2298,61623048,589225
2299,55619596,829682
2300,42441112,445159
2301,15931446,177799
2302,10551848,391762
2303,80642418,537161
2304,13712962,163011
2305,31897472,260211
2306,87915676,326963
2307,31658890,329273
2308,85405015,596841
2309,75148488,413373
2310,41905896,981432
2311,74211414,142918
2312,98549045,229002
2313,27011896,876423
2314,50714626,334849
2315,60238491,913147
2316,76759180,694742
2317,88797174,567809
2318,23721620,694548
2319,26959176,395161
2320,91729528,228017
2321,75397936,412359
2322,49040323,482727
2323,13811874,817836
2324,54078832,705604
2325,52453058,229213
2326,85836866,178085
2327,37343505,227648
2328,44343911,161489
2329,93370250,389286
2330,25240784,842924
2331,97871798,259819
2332,66992186,120751
2333,11523398,750821
2334,18346567,941158
2335,89643575,117138
2336,70234596,736360
2337,35043532,164362
2338,22842550,294985
2339,80909844,976211
2340,28167350,776710
2341,51011442,634961
2342,13844299,736436
2343,58183754,458722
2344,48763984,263607
2345,11917573,765948
2346,51422565,905175
2347,51936335,639724
2348,33407695,980789
2349,21920934,568983
2350,21353291,236960
2351,98571069,944544
2352,97105353,299605
2353,30158194,329885
2354,92545269,115374
2355,36775662,290597
2356,25821583,370237
2357,15201974,310577
2358,62486327,907895
2359,67278595,751745
2360,58749057,505161
2361,36520413,838919
2362,94794155,681871
2363,46670769,104679
2364,94932779,689115
2365,45292215,532808
2366,59314806,250279
2367,48822498,233463
2368,28767048,899408
2369,59960353,150367
2370,41754688,814499
2371,57818615,902674
2372,85599092,636290
2373,26014670,792537
2374,95303522,599507
2375,72472795,770522
2376,68017238,829771
2377,17254546,205229
2378,21084490,606225
2379,22064404,408092
2380,87057897,104480
2381,41972911,978347
2382,78247069,383219
2383,96700145,385303
2384,58452729,539923
2385,48155847,183140
2386,90885638,445234
2387,21403031,532261
2388,31030783,231969
2389,48476219,408307
2390,81006795,793093
2391,99424154,235425
2392,62098704,489343
2393,31280235,142996
2394,98887093,128448
2395,48890385,805390
2396,19994568,740829
2397,62007746,548814
2398,34403433,465788
2399,79189098,548576
2400,49939876,179304
2401,64090248,560959
2402,55546962,929522
2403,38031023,865105
2404,50210784,384308
2405,12537205,511963
2406,37715787,239375
2407,63389046,543406
2408,81508770,645518
2409,92610002,423505
2410,11826565,594890
2411,14128308,303477
2412,17706722,828194
2413,57404918,519351
2414,36555872,688531
2415,59827880,229243
2416,28025660,830496
2417,99326551,602948
2418,48642168,701710
2419,56322143,971501
2420,71282315,156177
2421,74734245,374468
2422,68843476,751393
2423,70558549,109087
2424,45174044,409858
2425,69153702,400110
2426,98185122,581663
2427,24360361,328129
2428,42206777,889374
2429,99689769,899909
2430,95386185,535339
2431,76326265,615832
2432,32686566,176124
2433,46452076,802779
2434,90838826,100479
2435,88159860,560141
2436,39431544,361234
2437,81022859,689812
2438,40058129,589574
2439,79605770,891114
2440,89312103,733715
2441,96044816,603972
2442,28551278,226835
2443,43335066,130757
2444,34483717,339188
2445,37728288,596203
2446,25308912,217489
2447,19194005,280498
2448,48996028,896362
2449,67803640,785702
2450,65808882,563939
2451,19766911,582789
2452,46312718,315027
2453,46308287,997464
2454,67137479,844964
2455,43541969,831639
2456,85633679,381927
2457,64424274,866914
2458,67446300,683899
2459,18598523,632143
2460,56321454,905217
2461,17991296,789621
2462,73679662,135015
2463,47786627,859644
2464,44694458,549866
2465,42779631,775406
2466,74347346,725756
2467,21640013,807880
2468,23963110,131583
2469,44517131,174496
2470,59497791,831745
2471,56981414,431797
2472,81522878,993613
2473,33423615,260658
2474,49544366,580558
2475,77117766,430505
2476,69123865,526713
2477,26133415,580624
2478,79639504,348693
2479,29568014,211715
2480,71807019,454371
2481,33090741,494100
2482,51280535,189387
2483,43050341,604748
2484,33150854,949204
2485,18301704,770442
2486,39231087,211558
2487,68861326,838411
2488,15683466,659241
2489,20683330,282275
2490,50099358,512543
2491,64299079,815944
2492,22073588,344669
2493,14075217,361896
2494,54442253,527993
2495,45683704,151798
2496,93431342,435707
2497,87571369,561148
2498,83211464,530143
2499,81447495,117382
2500,24251964,718618
2501,87335470,562325
2502,85702079,514213
2503,60702630,643632
2504,46908513,732908
2505,22001481,143070
2506,31658068,485400
2507,68801379,255449
2508,30186290,406931
2509,41629535,830733
2510,39996102,484498
2511,91909911,159445
2512,75167531,608256
2513,45676891,421614
2514,47206747,809872
2515,65061467,529243
2516,92215708,334188
2517,33059062,798307
2518,80775509,402644
2519,70448092,299009
2520,48293369,890284
2521,97043058,968708
2522,55378741,321990
2523,49040149,879416
2524,70605183,731684
2525,56797860,529739
2526,27983475,510702
2527,82872158,936242
2528,86102926,570642
2529,50107507,414899
2530,87936467,244999
2531,90348561,105274
2532,93313822,187873
2533,11491711,735741
2534,69102596,732525
2535,30902286,490023
2536,72287975,635200
2537,35646441,643101
2538,55891344,914904
2539,24912722,677142
2540,41770354,978128
2541,92342218,306079
2542,59863361,200932
2543,68872215,334278
2544,57606834,571594
2545,72721590,173139
2546,97881812,458811
2547,97678742,912464
2548,12795875,247972
2549,65459962,790465
2550,91957661,995821
2551,97045588,189000
2552,71155327,894425
2553,45101448,105576
2554,92580371,664187
2555,68187093,235282
2556,54908076,289813
2557,26296016,855575
2558,23601223,543226
2559,73515389,736498
2560,60154531,133195
2561,75973715,732676
2562,12627659,691359
2563,85793960,311319
2564,60151777,793986
2565,17434403,296321
2566,50877825,410219
2567,29381626,904050
2568,61214219,159017
2569,15573810,526019
2570,51690840,357940
2571,41208847,866997
2572,45569407,964134
2573,49509719,530045
2574,63268936,506886
2575,20807733,898825
2576,25982281,424239
2577,87018298,374148
2578,56403569,652752
2579,81713816,414442
2580,12274706,242314
2581,67470523,350171
2582,16961264,400744
2583,16265777,865917
2584,64679351,268950
2585,63341637,916851
2586,68530219,321280
2587,38544268,762635
2588,46010228,261306
2589,46393579,306564
2590,42367959,137874
2591,95045384,403034
2592,79280689,583027
2593,39256827,889470
2594,18603720,927581
2595,55526577,197051
2596,89276775,829645
2597,59457738,976424
2598,54604170,401888
2599,49298467,111735
2600,52481363,658195
2601,12091245,807880
2602,58933374,790723
2603,49013768,389368
2604,79998932,925287
2605,22821411,241762
2606,61750639,953214
2607,71786017,242988
2608,22477068,186650
2609,47760918,244704
2610,63570895,523897
2611,64816825,660392
2612,82501869,850633
2613,64605863,214544
2614,66249087,599320
2615,32184543,218301
2616,21071683,852478
2617,88492949,158104
2618,23168307,991210
2619,97214602,729435
2620,17362807,320582
2621,94342334,359259
2622,53376999,579273
2623,20156885,214766
2624,66116959,532641
2625,34682287,836627
2626,85473950,488427
2627,81047111,499891
2628,92513242,571286
2629,77260480,115438
2630,65439104,144246
2631,14640743,629780
2632,38416453,945104
2633,56108085,826305
2634,95949254,959032
2635,89795637,734905
2636,18946539,585073
2637,31754396,574392
2638,96951843,225491
2639,47012894,485871
2640,22030231,669475
2641,63144996,275364
2642,90518601,276513
2643,72028092,562114
2644,71394481,214061
2645,10620657,363050
2646,32272391,698019
2647,91690103,449119
2648,61122012,902789
2649,56504211,832683
2650,49841010,501305
2651,81781567,204151
2652,50918339,257113
2653,59261949,247393
2654,61587507,307544
2655,55627779,173834
2656,56491559,323903
2657,40630875,681584
2658,77451779,645668
2659,31957926,507488
2660,63814584,609881
2661,38577208,671213
2662,94358383,323553
2663,40295433,656636
2664,46421645,976461
2665,13568078,720086
2666,60508413,799415
2667,12951850,130128
2668,83879687,317415
2669,75142881,251556
2670,91143146,636190
2671,90808816,280194
2672,16293165,899039
2673,63141214,627202
2674,81148896,349988
2675,32316554,404291
2676,70874486,923745
2677,60330474,441875
2678,53585923,619809
2679,72759732,758031
2680,81575182,708193
2681,84115681,225918
2682,60776095,768523
2683,52550955,137982
2684,78453967,778329
2685,80098430,484343
2686,25657826,879722
2687,18002449,535594
2688,19502867,619672
2689,63429816,794752
2690,73428347,543106
2691,12762673,510459
2692,26666044,804383
2693,13593245,302705
2694,71952935,710618
2695,58000846,851083
2696,20285964,432159
2697,56405932,653356
2698,92024739,768289
2699,63621490,314083
2700,56292050,982075
2701,14625820,993608
2702,43222149,804409
2703,12676997,364215
2704,25764296,990952
2705,61259119,675324
2706,64331694,280256
2707,80504405,841448
2708,30166518,456799
2709,59630374,820618
2710,80737431,445522
2711,95882876,349971
2712,14814684,827485
2713,83092245,406964
2714,59542161,228430
2715,26863053,505710
2716,32956244,923710
2717,17052613,337975
2718,91415315,455462
2719,51733004,809935
2720,19767773,452775
2721,53639909,196542
2722,81563097,730689
2723,30359017,311506
2724,96542369,481377
2725,44412738,511196
2726,99482573,987488
2727,30049488,633502
2728,99888531,535001
2729,26283879,434711
2730,29529767,515119
2731,77037798,918406
2732,82733864,753344
2733,66377617,587646
2734,66520769,675268
2735,37425988,996758
2736,55222548,447666
2737,20676793,899495
2738,52967735,904325
2739,67239394,527620
2740,43933009,637988
2741,83972198,883125
2742,43480966,918597
2743,86501025,670931
2744,40531883,124450
2745,47165947,453235
2746,95419578,971551
2747,93511256,657485
2748,88919790,377713
2749,97875189,627729
2750,51398306,229311
2751,44953328,713862
2752,34337090,604710
2753,96249853,526822
2754,91975400,261410
2755,74580865,703559
2756,85792594,405572
2757,40909155,578506
2758,48411049,129128
2759,35414165,601488
2760,34582301,706321
2761,81832848,565861
2762,88089433,275326
2763,73820296,964824
2764,85234381,527879
2765,34605327,395923
2766,82578794,407720
2767,61682727,446650
2768,68477010,580320
2769,78075316,792673
2770,22295285,698298
2771,96864152,980367
2772,36514740,270929
2773,97759533,914826
2774,73103191,533605
2775,25402866,291537
2776,45497199,778574
2777,54950227,769669
2778,53974914,243796
2779,85223306,166554
2780,81867229,476768
2781,18671441,269498
2782,11419840,879426
2783,19623759,685347
2784,30139787,416881
2785,59158175,458296
2786,27990179,459210
2787,23336654,268426
2788,20239444,229932
2789,56727673,687627
2790,98892829,618213
2791,19227248,174791
2792,69651374,461379
2793,84543879,823632
2794,37117901,741929
2795,54245239,511439
2796,68343550,509844
2797,36041275,998000
2798,79885253,266280
2799,35898872,722761
2800,70003084,873973
2801,77767916,889822
2802,55046921,272991
2803,96737472,880108
2804,46212037,591251
2805,13504101,757912
2806,24186701,199516
2807,17471987,432622
2808,24473626,797963
2809,21472491,202248
2810,28711455,913122
2811,49820848,744229
2812,30593197,441831
2813,71532144,364957
2814,58043589,649741
2815,44808601,582670
2816,66925616,978666
2817,76116987,964804
2818,12532571,232193
2819,60970605,661097
2820,92560044,828902
2821,56169088,478787
2822,63150441,337076
2823,12197512,678051
2824,39917329,186633
2825,73173415,421502
2826,70947798,335136
2827,95213303,303574
2828,49786916,346773
2829,40037484,344556
2830,98059381,310859
2831,26792186,657663
2832,86573802,282811
2833,50765664,935284
2834,59942488,904621
2835,32921282,607916
2836,66340992,434633
2837,33289180,788064
2838,59452661,936056
2839,13118077,798867
2840,77801737,956330
2841,41414884,955300
2842,42244204,309794
2843,24028778,664588
2844,42923050,883782
2845,95412216,397647
2846,79560607,264553
2847,52585152,695768
2848,67849818,542050
2849,13204544,297913
2850,17243789,987036
2851,99729093,555685
2852,18624994,500578
2853,74052665,352338
2854,45418628,458093
2855,46457345,656850
2856,70263615,973064
2857,35193939,750529
2858,32866790,960850
2859,15371151,753879
2860,65513836,195664
2861,62019807,543119
2862,82886212,812799
2863,10949344,768348
2864,11125659,782082
2865,98545467,905551
2866,45014049,158389
2867,78264816,469418
2868,31815945,298324
2869,69915980,828967
2870,43167001,443956
2871,73209668,607710
2872,90842509,844150
2873,47622856,583936
2874,16812044,357764
2875,45203618,825816
2876,26613825,495164
2877,79142022,159614
2878,56334821,261627
2879,90422430,129437
2880,32427854,473020
2881,42753460,501247
2882,41748135,522397
2883,33930753,262824
2884,54819499,341340
2885,87840657,305358
2886,33910534,269271
2887,68898110,637448
2888,83034948,240244
2889,39431293,627543
2890,65890984,443291
2891,50242463,992004
2892,68720678,231352
2893,63421626,833880
2894,45844033,999569
2895,29251626,248048
2896,73365155,780215
2897,72263139,412208
2898,79083398,600309
2899,59800600,865667
2900,46992300,829818
2901,90682631,413998
2902,65267333,869915
2903,99891694,272692
2904,63892991,952745
2905,85237524,234060
2906,94944090,905276
2907,79153953,478343
2908,65342122,595206
2909,52428305,993932
2910,12953472,473433
2911,85616962,972603
2912,11286933,531947
2913,21570178,601240
2914,39862883,548301
2915,17384108,976059
2916,96397499,987909
2917,89738214,152501
2918,86198313,329516
2919,59701915,985833
2920,25140612,318575
2921,88802963,686820
2922,91075439,586783
2923,89020546,263988
2924,44301124,116686
2925,58682058,641898
2926,10387477,242324
2927,88451302,616883
2928,22619878,980670
2929,99479432,190743
2930,74664815,875904
2931,55539501,664481
2932,44752673,535778
2933,82308525,599297
2934,69749619,553607
2935,78122142,320079
2936,18707447,769209
2937,37417588,898330
2938,99261847,745539
2939,92057650,299389
2940,70692338,859049
2941,87475707,391723
2942,55122115,559274
2943,17327366,829901
2944,31433699,560197
2945,99205772,143572
2946,78596555,475985
2947,28432837,571487
2948,97130131,136086
2949,91332011,106014
2950,29400215,127761
2951,95581280,833659
2952,67286759,686979
2953,58648386,855088
2954,97935066,394485
2955,37937686,900315
2956,53373121,225391
2957,30464258,295631
2958,78084760,777050
2959,82663767,179063
2960,30291688,396207
2961,90738053,698107
2962,15922824,606147
2963,52989322,600636
2964,60496219,142014
2965,73486856,313159
2966,39852948,293901
2967,39019289,128788
2968,84516509,178776
2969,35761285,528095
2970,84692612,673801
2971,95214851,524148
2972,87646837,819045
2973,11630177,552975
2974,39074078,828473
2975,69994491,515389
2976,78916578,540569
2977,31736736,117906
2978,22129645,782143
2979,78345729,781391
2980,75320671,247716
2981,27419469,739842
2982,21211097,332207
2983,65755768,172684
2984,42777895,621674
2985,61056515,135129
2986,46823515,489055
2987,99311475,715858
2988,61335230,571596
2989,96452532,286663
2990,98279983,692839
2991,38366530,878891
2992,39568781,985232
2993,52044706,252284
2994,98389126,575752
2995,33764980,931874
2996,55757022,706214
2997,38995086,919689
2998,77405217,650296
2999,89918432,947704
3000,67969697,169725
3001,35655678,763810
3002,58709188,673167
3003,60041906,871608
3004,77772905,693455
3005,31941211,152673
3006,54212514,255540
3007,72843018,889149
3008,53180030,360852
3009,16317915,664480
3010,63335326,762223
3011,76744164,133326
3012,99130429,174967
3013,50272530,335994
3014,42111567,114782
3015,20280810,416430
3016,62100185,340926
3017,66857314,170892
3018,99295605,710697
3019,61428050,365680
3020,26085105,410506
3021,80124709,691950
3022,89651772,315150
3023,31300302,319528
3024,85766858,867457
3025,10631827,166032
3026,35960598,834355
3027,36174956,577973
3028,44999701,909525
3029,67356683,888589
3030,80313708,105164
3031,27730859,999901
3032,15180044,878828
3033,80821904,842485
3034,19542552,644867
3035,98305785,829996
3036,78505449,617016
3037,28371306,787716
3038,40249905,448993
3039,27128174,430152
3040,69178046,198802
3041,59315319,111859
3042,59296416,778804
3043,66199870,230402
3044,86931336,601441
3045,43460471,324895
3046,13744988,231161
3047,76743042,806520
3048,85008432,580829
3049,39455798,753191
3050,20719806,342449
3051,40363180,880397
3052,57185494,220851
3053,35212768,223367
3054,97055876,982328
3055,58536126,672127
3056,15727788,166135
3057,95249619,836676
3058,59385215,139516
3059,31867232,109484
3060,70058333,610810
3061,92502958,717002
3062,70494319,532696
3063,58977782,688850
3064,67897127,326916
3065,15867125,485735
3066,31020913,459282
3067,78104901,396345
3068,60203436,353211
3069,44203702,541705
3070,57517522,138808
3071,83800591,899214
3072,78498744,425286
3073,78886692,379929
3074,82062651,200126
3075,98350314,547021
3076,87270097,518521
3077,37067526,232348
3078,65845272,908993
3079,45069823,137737
3080,79667926,994249
3081,32107425,948850
3082,95383236,846097
3083,38099785,414825
3084,63084083,774972
3085,47613783,572646
3086,58489185,815670
3087,92999825,938554
3088,51751834,809444
3089,19277394,424796
3090,82333284,926395
3091,59771029,669489
3092,14806878,827966
3093,62669742,933844
3094,79469238,231111
3095,64328689,988819
3096,63090746,879430
3097,83003740,179403
3098,28555436,940550
3099,94902918,705435
3100,35420878,157558
3101,25257033,129672
3102,65056128,872694
3103,60656369,101149
3104,20283251,893449
3105,11434540,139849
3106,31188714,377072
3107,71244383,274935
3108,41923067,176257
3109,81351397,994649
3110,65064387,456878
3111,55097630,660181
3112,14813372,775775
3113,41491744,221898
3114,83912856,328262
3115,34635270,105547
3116,52456028,590631
3117,78555827,897799
3118,21566888,833647
3119,18199444,513876
3120,83262443,684663
3121,95219527,418941
3122,85569785,175339
3123,71045310,739474
3124,66587897,717397
3125,25054712,624055
3126,49166923,651086
3127,51474550,816164
3128,16188141,225041
3129,50000887,624485
3130,75429361,601270
3131,90021793,230901
3132,16778645,453944
3133,31383210,503143
3134,12276007,226640
3135,94248421,244016
3136,91829508,510883
3137,76104200,156192
3138,53075164,430817
3139,51868876,526175
3140,11459503,506709
3141,97884837,290437
3142,55919658,190105
3143,57239426,995279
3144,48202503,284808
3145,40036504,415487
3146,88180454,221211
3147,57321749,731920
3148,78904462,602415
3149,73793960,434679
3150,57857055,477566
3151,61674767,519024
3152,17636659,328725
3153,86526574,321504
3154,80498146,588823
3155,96564045,709972
3156,59440719,133707
3157,64677135,214414
3158,72722103,658453
3159,32084625,580083
3160,43577606,141474
3161,47065467,386907
3162,52277187,475773
3163,58421609,619270
3164,96964710,767304
3165,37370530,922622
3166,29332145,242069
3167,36979227,669011
3168,88726671,754256
3169,16817311,332697
3170,58606594,776818
3171,60799081,600455
3172,16379582,522907
3173,91553516,613803
3174,45751418,172585
3175,12207355,347977
3176,21507983,668829
3177,23113592,908248
3178,79747618,630870
3179,87203679,451406
3180,44396949,476344
3181,99968620,591531
3182,13042908,966814
3183,16942683,848859
3184,86310438,897467
3185,23290372,315186
3186,81169298,567769
3187,29389954,607281
3188,30018397,441679
3189,81114345,229673
3190,17183393,105917
3191,11980476,663230
3192,34995358,108356
3193,49951180,126731
3194,10873589,735835
3195,37883469,553484
3196,14561129,495552
3197,87449442,615945
3198,78173623,950407
3199,48443949,517714
3200,49453349,341476
3201,91285481,514709
3202,29721096,435647
3203,29776908,776515
3204,59677607,482303
3205,89115325,131683
3206,74441117,921668
3207,32270029,902290
3208,37084939,714307
3209,24006498,866988
3210,95109321,234335
3211,34339048,576329
3212,86049877,489277
3213,48937359,841763
3214,87537609,904380
3215,22613773,992828
3216,97548190,981850
3217,68025419,429443
3218,20300286,115008
3219,13621519,903044
3220,13672757,545839
3221,19741113,887377
3222,86543261,296978
3223,38612626,879121
3224,38335129,668704
3225,82955233,501813
3226,86403476,275714
3227,95667795,179997
3228,11456203,525176
3229,87375188,217562
3230,59919916,799132
3231,83370353,345235
3232,97691298,976733
3233,50326521,449614
3234,83551842,421366
3235,70806305,859148
3236,81069547,845557
3237,99749532,523134
3238,36913819,282911
3239,28609347,443207
3240,24560356,918904
3241,91271136,583703
3242,25564304,510235
3243,37307276,485033
3244,43340867,299851
3245,79128224,827788
3246,65230061,737919
3247,93560818,613610
3248,69557057,487579
3249,29666347,622817
3250,43552769,374777
3251,44865940,297626
3252,54817943,347546
3253,91597543,709089
3254,88818279,214214
3255,64875196,140321
3256,49387224,419645
3257,67967327,186388
3258,30830409,359610
3259,15972428,185554
3260,72638695,980995
3261,97817032,800683
3262,65325880,258943
3263,23563044,922369
3264,86649964,453403
3265,84673922,414750
3266,72014364,845626
3267,92048297,281945
3268,23617623,853319
3269,23527915,878446
3270,93068554,212629
3271,64240064,825982
3272,34919282,335745
3273,40317032,556981
3274,48196194,631631
3275,23647565,651767
3276,99100449,765491
3277,97138713,969030
3278,16266073,846496
3279,21748531,223554
3280,56322251,186614
3281,42710706,732005
3282,89771633,606010
3283,66937036,843515
3284,46310105,700286
3285,11928745,807239
3286,77008637,371945
3287,83133501,797167
3288,97998161,821364
3289,63154785,596955
3290,43252497,214578
3291,48212335,970355
3292,36610102,422921
3293,96579372,815896
3294,35536448,125963
3295,36420945,972848
3296,14498472,837403
3297,68314957,550398
3298,78425975,330629
3299,20137321,905344
3300,75452069,270031
3301,66003621,218318
3302,21358989,105144
3303,86140524,413475
3304,60622260,595356
3305,80037012,422390
3306,18465218,954084
3307,88514451,441875
3308,96118474,854946
3309,62415067,440366
3310,21705897,596987
3311,95562512,322606
3312,61298896,593929
3313,77053702,230417
3314,88291167,887808
3315,41091998,890607
3316,94184954,842264
3317,31701485,555486
3318,63250141,468159
3319,41723790,461774
3320,37552478,995781
3321,52733771,530360
3322,35699553,794379
3323,14338120,724922
3324,71303623,526122
3325,78514875,405813
3326,65150010,671570
3327,80237537,164564
3328,30472801,836695
3329,50369901,404171
3330,15108362,131523
3331,53838362,726452
3332,84155429,921277
3333,26239593,471184
3334,92737760,392235
3335,83747689,927663
3336,69848858,710251
3337,80643170,106289
3338,49360306,369163
3339,19566700,565119
3340,53351283,293369
3341,40657661,479411
3342,96257787,451046
3343,85862542,471121
3344,40378957,311475
3345,85237403,618776
3346,57813585,845246
3347,19848045,139079
3348,32009932,732558
3349,24926783,480715
3350,36613183,431107
3351,42650871,810714
3352,22480886,390798
3353,22681119,823384
3354,12933274,911907
3355,92127677,870718
3356,49361780,120186
3357,35579746,558575
3358,38775199,592131
3359,55646297,855339
3360,69478738,762089
3361,75937279,130218
3362,75419145,601447
3363,16434170,291030
3364,44695191,331860
3365,27523343,880810
3366,56639426,695149
3367,27075967,214563
3368,46950790,155514
3369,15915857,893196
3370,28295467,412287
3371,63128526,809627
3372,98025345,308724
3373,53658209,312794
3374,37943306,126079
3375,46416823,993402
3376,83901274,638446
3377,63267191,584165
3378,46728592,327673
3379,69066883,867383
3380,26246601,505830
3381,68174729,401589
3382,31353241,459404
3383,98081853,622408
3384,35465987,606147
3385,88247449,570005
3386,99523722,883288
3387,46966636,380977
3388,67149877,933645
3389,73444440,482343
3390,40219621,913824
3391,65037090,982498
3392,52488456,256882
3393,99033135,952309
3394,74696507,129034
3395,53711230,753992
3396,32536066,747425
3397,32394026,374515
3398,55875904,609082
3399,90349735,866259
3400,60514186,523613
3401,55696501,638054
3402,56736078,622076
3403,76329621,590725
3404,81064201,879905
3405,38045647,206541
3406,83239460,993383
3407,78507760,972914
3408,39332323,492793
3409,50315022,391702
3410,19648463,786627
3411,16300469,604564
3412,36482252,141215
3413,21235524,124320
3414,33204239,812612
3415,83406741,482538
3416,68034953,371906
3417,48974276,358984
3418,35193597,679531
3419,65948777,623298
3420,15778253,655715
3421,70224689,341748
3422,90632724,316501
3423,99806401,623634
3424,58223752,957070
3425,30690083,853970
3426,41976632,652354
3427,99104455,149918
3428,42381459,210890
3429,67969865,624357
3430,88926727,727839
3431,76928537,442604
3432,87477622,688084
3433,68937680,960638
3434,13581316,731971
3435,99182678,555478
3436,80125998,247417
3437,46353142,772622
3438,75126356,496523
3439,45028397,341066
3440,55869544,759848
3441,92297741,913697
3442,41320168,358554
3443,52008010,633188
3444,38272005,170169
3445,15163570,806044
3446,68913463,134902
3447,10113716,251132
3448,19562933,967282
3449,22400579,699379
3450,98068708,464393
3451,21092873,604360
3452,17450330,345997
3453,15810567,659077
3454,30091567,254446
3455,68985887,381860
3456,81156656,352202
3457,24343861,664413
3458,76472545,969709
3459,72462862,426577
3460,30048732,488502
3461,53609779,718865
3462,53813809,409104
3463,64390390,836521
3464,83174261,425031
3465,62504948,430816
3466,41417702,460020
3467,31991437,117704
3468,93674235,480768
3469,81315913,856062
3470,12375456,674992
3471,32592613,759122
3472,64062754,565254
3473,57983217,306291
3474,71436382,261215
3475,42356717,155678
3476,47301024,492670
3477,84902293,837579
3478,97344033,352610
3479,20273549,427435
3480,57222735,876574
3481,64186044,696295
3482,37857500,209994
3483,27833946,621470
3484,88742150,340458
3485,73010840,878729
3486,67557829,101246
3487,32391824,534466
3488,90351033,897820
3489,15712732,704343
3490,66882435,833252
3491,85982383,361447
3492,29257230,397595
3493,53190184,210062
3494,48864455,101042
3495,49099744,829513
3496,93169971,142830
3497,56818673,112640
3498,68452339,723239
3499,51060458,174078
3500,70214081,365682
3501,59542036,635153
3502,47404912,424104
3503,91694678,438173
3504,31479172,318663
3505,19188493,194701
3506,49392264,510603
3507,23534981,719203
3508,15867979,609694
3509,90928548,908948
3510,28666782,551105
3511,21008925,742575
3512,95391863,484365
3513,54118816,906551
3514,70772395,324797
3515,77551651,406050
3516,96953514,609630
3517,32389886,746603
3518,66318069,736195
3519,87880756,494915
3520,54450872,840061
3521,21042884,194459
3522,26486609,981335
3523,80530948,854824
3524,33359686,463664
3525,69212987,160602
3526,49377610,237100
3527,58075050,212403
3528,22387262,972258
3529,25110203,854532
3530,90043497,907886
3531,95436655,304860
3532,58990772,448943
3533,92930231,799019
3534,25663664,143236
3535,56979588,540583
3536,63833999,420241
3537,81125180,289603
3538,36216810,586653
3539,36959419,376874
3540,11796068,488250
3541,55824334,228747
3542,20574176,151821
3543,60612164,903406
3544,82372197,985376
3545,66865873,348244
3546,94612039,575936
3547,56039463,153703
3548,52964747,173257
3549,47691933,604647
3550,57308198,192733
3551,15333092,590652
3552,72506129,517913
3553,83974038,116203
3554,97911730,443723
3555,78737388,722723
3556,35402803,757127
3557,72985210,443495
3558,45695982,754110
3559,98573448,743973
3560,30564620,888301
3561,57907794,912785
3562,40280735,132908
3563,22364702,891301
3564,64740812,337564
3565,21106941,529850
3566,31536788,520264
3567,22224137,446049
3568,24034788,534724
3569,64489753,152990
3570,39053087,610178
3571,81466078,936277
3572,64378391,264872
3573,87449437,727008
3574,75251987,878952
3575,71541426,644349
3576,71121911,446250
3577,16821112,655292
3578,46459124,242646
3579,62252263,487310
3580,53530893,426828
3581,84011501,604630
3582,88240138,830742
3583,59227393,524575
3584,36189823,799594
3585,77398347,328813
3586,70465884,842415
3587,89024101,158110
3588,99339430,679006
3589,98531349,840581
3590,31481071,671212
3591,39215143,631459
3592,45373666,756869
3593,55556851,344145
3594,43835556,285628
3595,12593776,704000
3596,57878719,468596
3597,78947665,597404
3598,68387348,212179
3599,95466119,967535
3600,38130317,325654
3601,54356136,461152
3602,62302881,175037
3603,34852760,208710
3604,99612263,620796
3605,41944713,954515
3606,75083509,752373
3607,70329982,721850
3608,57027456,392943
3609,16960466,717646
3610,43927475,459835
3611,25771428,417803
3612,80308953,278793
3613,62465247,612070
3614,71687572,524065
3615,28428989,440318
3616,91090873,483200
3617,29332573,791519
3618,30376480,950223
3619,97505604,251790
3620,30785207,850701
3621,56650377,866159
3622,34439134,916768
3623,95928749,479835
3624,86045002,372545
3625,18945320,763391
3626,72232674,526340
3627,95853691,116873
3628,78573984,892671
3629,93428747,209103
3630,16164118,613325
3631,46023571,817135
3632,80877312,583592
3633,97286318,181751
3634,81221544,168071
3635,73908267,931319
3636,75982524,962006
3637,11308942,393430
3638,23034002,265493
3639,76395090,990411
3640,58255838,745667
3641,63845738,192929
3642,21872219,475757
3643,22270025,256744
3644,76979759,791019
3645,35894542,145115
3646,59857664,238637
3647,71271537,119063
3648,43354480,246299
3649,31354391,220098
3650,72397467,357800
3651,17110640,585043
3652,43060700,993975
3653,92840951,375168
3654,89042851,904138
3655,28697688,487601
3656,11068187,696063
3657,58441449,905259
3658,30977435,432966
3659,23714086,264108
3660,21854811,325237
3661,13971206,837619
3662,91860927,993602
3663,92192759,435964
3664,91334134,598251
3665,78452059,506445
3666,55284155,207117
3667,74261942,279240
3668,31383391,926044
3669,17754855,186549
3670,27346665,992193
3671,45974255,670669
3672,27827336,757868
3673,10156550,719577
3674,70095253,235965
3675,86359386,713470
3676,46309304,582142
3677,81941672,240088
3678,80077092,664660
3679,39343671,928688
3680,93621007,918202
3681,68814817,317089
3682,36791982,510623
3683,78987191,455732
3684,52276971,393239
3685,25972680,147328
3686,88716136,646230
3687,31681282,318643
3688,75997972,297334
3689,29244256,988714
3690,94287219,477554
3691,48227837,775173
3692,73538302,559117
3693,61413440,318919
3694,24563061,643010
3695,74166314,477921
3696,24623288,391462
3697,54376308,690755
3698,87151107,356578
3699,13177736,546210
3700,85212039,751573
3701,29948096,542579
3702,96303470,979453
3703,51497211,431804
3704,96976889,185792
3705,32259340,849222
3706,51477377,737223
3707,74967507,458412
3708,86960668,212249
3709,75976111,579956
3710,11098125,919993
3711,89789349,784362
3712,91195158,327884
3713,41661371,776676
3714,97954535,789560
3715,21441496,819614
3716,54216714,878693
3717,91559611,745707
3718,40303055,678921
3719,66503100,877258
3720,68046300,739825
3721,62145287,658042
3722,46098740,249616
3723,14974898,229729
3724,50259824,454349
3725,56229423,223936
3726,14208265,377000
3727,50119674,446847
3728,25742081,198376
3729,89846048,498243
3730,58879575,469859
3731,74805040,617695
3732,54677067,708450
3733,28313077,642374
3734,11491075,109707
3735,18634704,235790
3736,19974144,444427
3737,76659038,246973
3738,27391128,375260
3739,28971122,711349
3740,66022084,780584
3741,57629168,372148
3742,68096195,207875
3743,43344301,774991
3744,76529236,762418
3745,98024523,124552
3746,50702238,613638
3747,93493717,613955
3748,79386348,180892
3749,55341888,580620
3750,45247277,663572
3751,32624328,186933
3752,83051449,385695
3753,28485338,977073
3754,29067017,952556
3755,56012697,951630
3756,42944308,479885
3757,83812973,375204
3758,59928470,359920
3759,51167395,659741
3760,68887347,466536
3761,57548019,195187
3762,26241340,386921
3763,17178224,447638
3764,77347697,139625
3765,65498980,549573
3766,41012381,803718
3767,57865663,115613
3768,20402549,657201
3769,79445964,249970
3770,41281336,569944
3771,22498012,704316
3772,99596633,323120
3773,48428233,593679
3774,23020614,645863
3775,93060130,117599
3776,51127098,286096
3777,97643242,340411
3778,30628338,869417
3779,84556296,678969
3780,11412746,556769
3781,64813748,513918
3782,72487293,213402
3783,26829478,183351
3784,42598941,990889
3785,62278268,835182
3786,44504992,467046
3787,25907204,578156
3788,38100553,786270
3789,54589980,756156
3790,55422290,936570
3791,52370801,923635
3792,73063795,999079
3793,80484384,406452
3794,81719321,480475
3795,21526383,999803
3796,33441504,566661
3797,65044348,482770
3798,81877524,137152
3799,39208147,957217
3800,13585225,408824
3801,77019706,735483
3802,51675783,957253
3803,40603771,584913
3804,57460630,198047
3805,96735578,292116
3806,94738619,571330
3807,34816463,514272
3808,28573854,859334
3809,83668886,348950
3810,86661804,318165
3811,71098767,437435
3812,65554464,422584
3813,88571620,495750
3814,93664074,146815
3815,16176739,158068
3816,38156376,534799
3817,11019853,452610
3818,33599265,270265
3819,47398836,539970
3820,21995488,883765
3821,14138202,348778
3822,86896685,345898
3823,46520365,463277
3824,19911700,477280
3825,58909124,203493
3826,75280996,376784
3827,89510151,352820
3828,44320302,611929
3829,75198328,561303
3830,18498250,673965
3831,18095129,955273
3832,16427673,436131
3833,81457826,246238
3834,96751438,848550
3835,29758916,981632
3836,99842023,415493
3837,13463002,959022
3838,58397700,986056
3839,32531673,120284
3840,32967685,316611
3841,45284597,190597
3842,33013165,151267
3843,72747394,594300
3844,12317336,250934
3845,48614657,574243
3846,25470060,257790
3847,31979577,883495
3848,73964553,421042
3849,80716779,946599
3850,21893132,840958
3851,26973701,596576
3852,28911277,672812
3853,13812862,846770
3854,86985824,771211
3855,58027824,611014
3856,33066530,445036
3857,51230984,141846
3858,30366633,439038
3859,63728498,421879
3860,98915821,540410
3861,65877706,427761
3862,96031134,380379
3863,96733934,421128
3864,27795747,534382
3865,69561895,918375
3866,98624495,835980
3867,36113908,216495
3868,59461034,273185
3869,20900448,623601
3870,32300717,124842
3871,90475750,434351
3872,58509988,908006
3873,94007960,740053
3874,17706257,219682
3875,59104957,485123
3876,57360371,941961
3877,42872490,150367
3878,13101187,625698
3879,48533168,569922
3880,33713201,763416
3881,29332757,344917
3882,14031987,332232
3883,91920034,775691
3884,16312118,752896
3885,77271568,334392
3886,86948577,829636
3887,57612466,858197
3888,10091810,903514
3889,23013804,887197
3890,48605175,263588
3891,52660918,290677
3892,59198058,100788
3893,77617215,773340
3894,53834340,996792
3895,64200653,676974
3896,47521373,817475
3897,52487175,268970
3898,18831586,976005
3899,46268409,663696
3900,53110401,735860
3901,33541957,957296
3902,75255091,475711
3903,47905656,506622
3904,58589366,799461
3905,94531222,238930
3906,34956067,622367
3907,25013108,409912
3908,34594207,179097
3909,57860761,110869
3910,77046234,529187
3911,50163421,640371
3912,11899137,701389
3913,40058815,868474
3914,10292462,274495
3915,87924865,205387
3916,62929157,104319
3917,91089475,208986
3918,74869154,261692
3919,76751975,471915
3920,77033352,503370
3921,21089544,923568
3922,61221412,540350
3923,23867868,871476
3924,41395428,387581
3925,75914166,981984
3926,47058026,714352
3927,82025632,479546
3928,25840254,854664
3929,70615924,705790
3930,21552314,371063
3931,54683617,452043
3932,15783898,840690
3933,71129679,443480
3934,34878550,128012
3935,37350603,152801
3936,83947109,724731
3937,42080721,312707
3938,18801156,416270
3939,44983775,930390
3940,92642468,903451
3941,41792247,711330
3942,98152730,150908
3943,68497412,946818
3944,41173076,857323
3945,46573321,100142
3946,55426984,996388
3947,15876453,293927
3948,76899025,113610
3949,85867064,522979
3950,37912501,729128
3951,54104783,922308
3952,76628594,901061
3953,73951101,424782
3954,71756756,353332
3955,28767138,168271
3956,52067989,304548
3957,87868142,307417
3958,36611124,249365
3959,97802170,827890
3960,44419962,588834
3961,76166714,393680
3962,79003681,558005
3963,27289878,135929
3964,37759456,782089
3965,44874004,248019
3966,86937879,677482
3967,50484012,331957
3968,96152924,912311
3969,79694819,986437
3970,37854899,447611
3971,26951217,674038
3972,54853580,256706
3973,29131999,554470
3974,55159288,941900
3975,88837720,709050
3976,91486975,716628
3977,58093474,743588
3978,73533451,877749
3979,43143412,322560
3980,71572296,141981
3981,29636481,879630
3982,75935714,564146
3983,76672970,863074
3984,77935337,604123
3985,88158116,235498
3986,79229702,704082
3987,59350529,411296
3988,41099313,995645
3989,62092064,593677
3990,87036106,733905
3991,77787540,674196
3992,18260838,122181
3993,98122279,751124
3994,55398709,834044
3995,15258924,980713
3996,79821641,965676
3997,58671056,346365
3998,80144673,213982
3999,46744902,487877
4000,79966242,313035
4001,55202165,544640
4002,59115298,738927
4003,74869590,340143
